
INSERT INTO City(ZIP, Name)
VALUES('DK9000', 'Aalborg')
INSERT INTO City(ZIP, Name)
VALUES('SK4212', 'Bratislava')
INSERT INTO City(ZIP, Name)
VALUES('CZ60200', 'Brno')

INSERT INTO Suppliers(Name,Email,Phone,ZIP,Address)
VALUES('Supplier1','Supplier1@emal.com','111111','DK9000','Street 1')
INSERT INTO Suppliers(Name,Email,Phone,ZIP,Address)
VALUES('Supplier2','Supplier2@emal.com','222222','SK4212','Street 2')
INSERT INTO Suppliers(Name,Email,Phone,ZIP,Address)
VALUES('Supplier3','Supplier3@emal.com','333333','CZ60200','Street 3')

INSERT INTO ProductTypes(Name)
VALUES('FirstProduct')
INSERT INTO ProductTypes(Name)
VALUES('SecondProduct')
INSERT INTO ProductTypes(Name)
VALUES('ThirdProduct')

INSERT INTO Products(NAME,Description,ProductTypeId,Price,Discount,Active)
VALUES('Product1','Description one',1,'1000',10,0)
INSERT INTO Products(NAME,Description,ProductTypeId,Price,Discount,Active)
VALUES('Product2','Description two',2,'2000',20,1)
INSERT INTO Products(NAME,Description,ProductTypeId,Price,Discount,Active)
VALUES('Product3','Description three',3,'3000',30,0)

INSERT INTO SupplyOrders(ProductId,Quantity,OrderDate,SupplierId)
VALUES(1,10,'2020-01-01',1)
INSERT INTO SupplyOrders(ProductId,Quantity,OrderDate,SupplierId)
VALUES(2,20,'2021-02-02',2)
INSERT INTO SupplyOrders(ProductId,Quantity,OrderDate,SupplierId)
VALUES(3,30,'2022-03-03',3)

INSERT INTO Items(ProductId)
VALUES(1) 
INSERT INTO Items(ProductId)
VALUES(2)
INSERT INTO Items(ProductId)
VALUES(3)

INSERT INTO OrderLines(ProductId,Quantity)
VALUES(1,10)
INSERT INTO OrderLines(ProductId,Quantity)
VALUES(2,20)
INSERT INTO OrderLines(ProductId,Quantity)
VALUES(3,30)

INSERT INTO Departments(Name,ZIP,Address)
VALUES('Department1','DK9000','Street11')
INSERT INTO Departments(Name,ZIP,Address)
VALUES('Department2','SK4212','Street22')
INSERT INTO Departments(Name,ZIP,Address)
VALUES('Department3','CZ60200','Street33')

INSERT INTO CustomerTypes(Name)
VALUES('Type1')
INSERT INTO CustomerTypes(Name)
VALUES('Type2')
INSERT INTO CustomerTypes(Name)
VALUES('Type3')

INSERT INTO Customers(Name,Email,Phone,ZIP,Address,CustomerTypeId) 
VALUES('Customer1','custome1r@email.com','111','DK9000','Street 111',1)
INSERT INTO Customers(Name,Email,Phone,ZIP,Address,CustomerTypeId) 
VALUES('Customer2','customer2@email.com','222','SK4212','Street 222',2)
INSERT INTO Customers(Name,Email,Phone,ZIP,Address,CustomerTypeId) 
VALUES('Customer3','customer3@email.com','333','CZ60200','Street 333',3)

INSERT INTO EmployeeTypes(Name)
VALUES('EmployeeType1')
INSERT INTO EmployeeTypes(Name)
VALUES('EmployeeType2')
INSERT INTO EmployeeTypes(Name)
VALUES('EmployeeType3')

INSERT INTO Employees(Name,Email,Phone,ZIP,Address,DepartmentId,EmployeeTypeId)
VALUES('Employee1','employee1@email.com','111111','DK9000','Street 1111',1,1)
INSERT INTO Employees(Name,Email,Phone,ZIP,Address,DepartmentId,EmployeeTypeId)
VALUES('Employee2','employee2@email.com','222222','SK4212','Street 2222',2,2)
INSERT INTO Employees(Name,Email,Phone,ZIP,Address,DepartmentId,EmployeeTypeId)
VALUES('Employee3','employee3@email.com','333333','CZ60200','Street 3333',3,3)

INSERT INTO Orders(CustomerId,EmployeeId)
VALUES(1,1)
INSERT INTO Orders(CustomerId,EmployeeId)
VALUES(2,2)
INSERT INTO Orders(CustomerId,EmployeeId)
VALUES(3,3)

INSERT INTO OrderDetails(OrderId,OrderLineId)
VALUES(1,1)
INSERT INTO OrderDetails(OrderId,OrderLineId)
VALUES(2,2)
INSERT INTO OrderDetails(OrderId,OrderLineId)
VALUES(3,3)

INSERT INTO StorageLines(ProductId,Quantity)
VALUES(1,10)
INSERT INTO StorageLines(ProductId,Quantity)
VALUES(2,20)
INSERT INTO StorageLines(ProductId,Quantity)
VALUES(3,30)

INSERT INTO StorageLineDetails(StorageLineId,ItemId)
VALUES(1,1)
INSERT INTO StorageLineDetails(StorageLineId,ItemId)
VALUES(2,2)
INSERT INTO StorageLineDetails(StorageLineId,ItemId)
VALUES(3,3)

INSERT INTO Shelves(Name,DepartmentId)
VALUES('Shelf1',1)
INSERT INTO Shelves(Name,DepartmentId)
VALUES('Shelf2',2)
INSERT INTO Shelves(Name,DepartmentId)
VALUES('Shelf3',3)

INSERT INTO ShelfDetails(ShelfId,StorageLineId)
VALUES(1,1)
INSERT INTO ShelfDetails(ShelfId,StorageLineId)
VALUES(2,2)
INSERT INTO ShelfDetails(ShelfId,StorageLineId)
VALUES(3,3)

INSERT INTO OrderLineDetails()
VALUES(1,1)
INSERT INTO OrderLineDetails()
VALUES(2,2)
INSERT INTO OrderLineDetails()
VALUES(3,3)